{"train_loss": [1.2369761311049707, 0.8555922904909699, 0.6716902631851536, 0.5643488730541539, 0.4525373665856767, 0.37686912086431945, 0.2878797514047018, 0.26887901354984706, 0.22498169821825137, 0.17470494385100102, 0.13987227328236973, 0.11584136795384611, 0.10727513506748172, 0.09348075998332342, 0.07951364007462755, 0.08073465802292495, 0.06863913367234108, 0.06298485816388028, 0.07092103660032265, 0.05463571998993278], "val_loss": [0.9510502465296197, 0.8896351896460748, 0.7030558165644504, 0.5699833520519335, 0.5442265693806911, 0.4955212965466294, 0.5612956473247682, 0.5402168742996184, 0.4786717595901718, 0.4458281986277757, 0.4043901275380278, 0.40162187509696246, 0.4285935621319922, 0.44205844985563875, 0.4478963086650304, 0.39794172022977115, 0.4246320695771138, 0.4240555764434936, 0.4067550504350448, 0.4115184325607669], "val_acc": [0.5756365451822266, 0.636045931103345, 0.6570144782825761, 0.746380429355966, 0.7683474787818273, 0.8027958062905641, 0.8087868197703445, 0.8312531203195207, 0.8097853220169745, 0.8347478781827259, 0.8447329006490265, 0.855716425361957, 0.871193210184723, 0.8387418871692461, 0.8706939590614079, 0.8686969545681478, 0.8796804792810784, 0.8866699950074888, 0.8841737393909136, 0.8846729905142287]}